frame_number,loss
1.000000000000000000e+00,6.801280542276799679e-04
2.000000000000000000e+00,6.802874268032610416e-04
3.000000000000000000e+00,6.807882455177605152e-04
4.000000000000000000e+00,6.809557089582085609e-04
5.000000000000000000e+00,6.834468222223222256e-04
6.000000000000000000e+00,6.833010120317339897e-04
7.000000000000000000e+00,6.827148026786744595e-04
8.000000000000000000e+00,6.836163229309022427e-04
9.000000000000000000e+00,6.835607928223907948e-04
1.000000000000000000e+01,6.837304099462926388e-04
1.100000000000000000e+01,6.819138652645051479e-04
1.200000000000000000e+01,6.819583359174430370e-04
1.300000000000000000e+01,6.820475100539624691e-04
1.400000000000000000e+01,6.807119934819638729e-04
1.500000000000000000e+01,6.804967415519058704e-04
1.600000000000000000e+01,6.826373282819986343e-04
1.700000000000000000e+01,6.836589891463518143e-04
1.800000000000000000e+01,6.836353568360209465e-04
1.900000000000000000e+01,6.868831696920096874e-04
2.000000000000000000e+01,6.882448215037584305e-04
2.100000000000000000e+01,6.880955770611763000e-04
2.200000000000000000e+01,6.862559821456670761e-04
2.300000000000000000e+01,6.870327633805572987e-04
2.400000000000000000e+01,6.869253702461719513e-04
2.500000000000000000e+01,6.897569401189684868e-04
2.600000000000000000e+01,6.892831297591328621e-04
2.700000000000000000e+01,6.874619866721332073e-04
2.800000000000000000e+01,6.881219451315701008e-04
2.900000000000000000e+01,6.873930105939507484e-04
3.000000000000000000e+01,6.896805134601891041e-04
3.100000000000000000e+01,6.886225892230868340e-04
3.200000000000000000e+01,6.891399971209466457e-04
3.300000000000000000e+01,6.846227915957570076e-04
3.400000000000000000e+01,6.844007293693721294e-04
3.500000000000000000e+01,6.843503215350210667e-04
3.600000000000000000e+01,6.854041712358593941e-04
3.700000000000000000e+01,6.851670332252979279e-04
3.800000000000000000e+01,6.824334268458187580e-04
3.900000000000000000e+01,6.825022865086793900e-04
4.000000000000000000e+01,6.820152048021554947e-04
4.100000000000000000e+01,6.865509785711765289e-04
4.200000000000000000e+01,6.865509785711765289e-04
4.300000000000000000e+01,6.856487598270177841e-04
4.400000000000000000e+01,6.881324807181954384e-04
4.500000000000000000e+01,6.880420842207968235e-04
4.600000000000000000e+01,6.875559338368475437e-04
4.700000000000000000e+01,6.899631116539239883e-04
4.800000000000000000e+01,6.899424479342997074e-04
4.900000000000000000e+01,6.869367789477109909e-04
5.000000000000000000e+01,6.860184366814792156e-04
5.100000000000000000e+01,6.860500434413552284e-04
5.200000000000000000e+01,6.861527799628674984e-04
5.300000000000000000e+01,6.846825708635151386e-04
5.400000000000000000e+01,6.846874603070318699e-04
5.500000000000000000e+01,6.821599672548472881e-04
5.600000000000000000e+01,6.820565904490649700e-04
5.700000000000000000e+01,6.820358103141188622e-04
5.800000000000000000e+01,6.837123073637485504e-04
5.900000000000000000e+01,6.839081761427223682e-04
6.000000000000000000e+01,6.812143255956470966e-04
6.100000000000000000e+01,6.814725929871201515e-04
6.200000000000000000e+01,6.813775398768484592e-04
6.300000000000000000e+01,6.836663233116269112e-04
6.400000000000000000e+01,6.831751088611781597e-04
6.500000000000000000e+01,6.837469991296529770e-04
6.600000000000000000e+01,6.842304719612002373e-04
6.700000000000000000e+01,6.839756970293819904e-04
6.800000000000000000e+01,6.843694718554615974e-04
6.900000000000000000e+01,6.856878753751516342e-04
7.000000000000000000e+01,6.852413644082844257e-04
7.100000000000000000e+01,6.869611679576337337e-04
7.200000000000000000e+01,6.869718199595808983e-04
7.300000000000000000e+01,6.873474339954555035e-04
7.400000000000000000e+01,6.867604097351431847e-04
7.500000000000000000e+01,6.867423653602600098e-04
7.600000000000000000e+01,6.864408496767282486e-04
7.700000000000000000e+01,6.848849589005112648e-04
7.800000000000000000e+01,6.849048659205436707e-04
7.900000000000000000e+01,6.855896790511906147e-04
8.000000000000000000e+01,6.893691024743020535e-04
8.100000000000000000e+01,6.895316182635724545e-04
8.200000000000000000e+01,6.835467647761106491e-04
8.300000000000000000e+01,6.828808691352605820e-04
8.400000000000000000e+01,6.829171325080096722e-04
8.500000000000000000e+01,6.836135289631783962e-04
8.600000000000000000e+01,6.834822706878185272e-04
8.700000000000000000e+01,6.833715015091001987e-04
8.800000000000000000e+01,6.828600890003144741e-04
8.900000000000000000e+01,6.837730761617422104e-04
9.000000000000000000e+01,6.830638158135116100e-04
9.100000000000000000e+01,6.811547209508717060e-04
9.200000000000000000e+01,6.816034438088536263e-04
9.300000000000000000e+01,6.827283068560063839e-04
9.400000000000000000e+01,6.830433849245309830e-04
9.500000000000000000e+01,6.830703350715339184e-04
9.600000000000000000e+01,6.824395968578755856e-04
9.700000000000000000e+01,6.823545554652810097e-04
9.800000000000000000e+01,6.823776639066636562e-04
9.900000000000000000e+01,6.784189608879387379e-04
1.000000000000000000e+02,6.784360739402472973e-04
1.010000000000000000e+02,6.785048171877861023e-04
1.020000000000000000e+02,6.764727877452969551e-04
1.030000000000000000e+02,6.763808778487145901e-04
1.040000000000000000e+02,6.750197499059140682e-04
1.050000000000000000e+02,6.751004839316010475e-04
1.060000000000000000e+02,6.749574677087366581e-04
1.070000000000000000e+02,6.792867789044976234e-04
1.080000000000000000e+02,6.792770000174641609e-04
1.090000000000000000e+02,6.790861370973289013e-04
1.100000000000000000e+02,6.801413255743682384e-04
1.110000000000000000e+02,6.802368443459272385e-04
1.120000000000000000e+02,6.793901557102799416e-04
1.130000000000000000e+02,6.794899818487465382e-04
1.140000000000000000e+02,6.794189685024321079e-04
1.150000000000000000e+02,6.764500867575407028e-04
1.160000000000000000e+02,6.785908481106162071e-04
1.170000000000000000e+02,6.784587749280035496e-04
1.180000000000000000e+02,6.783610442653298378e-04
1.190000000000000000e+02,6.785803125239908695e-04
1.200000000000000000e+02,6.786298472434282303e-04
1.210000000000000000e+02,6.808961043134331703e-04
1.220000000000000000e+02,6.811549537815153599e-04
1.230000000000000000e+02,6.810514023527503014e-04
1.240000000000000000e+02,6.815908709540963173e-04
1.250000000000000000e+02,6.815337110310792923e-04
1.260000000000000000e+02,6.849918281659483910e-04
1.270000000000000000e+02,6.853373488411307335e-04
1.280000000000000000e+02,6.855697720311582088e-04
1.290000000000000000e+02,6.854468374513089657e-04
1.300000000000000000e+02,6.811769562773406506e-04
1.310000000000000000e+02,6.810734048485755920e-04
1.320000000000000000e+02,6.796254892833530903e-04
1.330000000000000000e+02,6.798491813242435455e-04
1.340000000000000000e+02,6.796880043111741543e-04
1.350000000000000000e+02,6.777136004529893398e-04
1.360000000000000000e+02,6.778138340450823307e-04
1.370000000000000000e+02,6.777205271646380424e-04
1.380000000000000000e+02,6.790858460590243340e-04
1.390000000000000000e+02,6.792609347030520439e-04
1.400000000000000000e+02,6.790828192606568336e-04
1.410000000000000000e+02,6.804279983043670654e-04
1.420000000000000000e+02,6.809033802710473537e-04
1.430000000000000000e+02,6.817784742452204227e-04
1.440000000000000000e+02,6.816206732764840126e-04
1.450000000000000000e+02,6.816482637077569962e-04
1.460000000000000000e+02,6.815068772993981838e-04
1.470000000000000000e+02,6.814794614911079407e-04
1.480000000000000000e+02,6.814827211201190948e-04
1.490000000000000000e+02,6.806191522628068924e-04
1.500000000000000000e+02,6.808780599385499954e-04
1.510000000000000000e+02,6.787464953958988190e-04
1.520000000000000000e+02,6.772108026780188084e-04
1.530000000000000000e+02,6.769843166694045067e-04
1.540000000000000000e+02,6.797026144340634346e-04
1.550000000000000000e+02,6.796190864406526089e-04
1.560000000000000000e+02,6.795935914851725101e-04
1.570000000000000000e+02,6.835476378910243511e-04
1.580000000000000000e+02,6.833992665633559227e-04
1.590000000000000000e+02,6.833852967247366905e-04
1.600000000000000000e+02,6.827804027125239372e-04
1.610000000000000000e+02,6.825930322520434856e-04
1.620000000000000000e+02,6.825790624134242535e-04
1.630000000000000000e+02,6.850574864074587822e-04
1.640000000000000000e+02,6.848860066384077072e-04
1.650000000000000000e+02,6.832118378952145576e-04
1.660000000000000000e+02,6.833088700659573078e-04
1.670000000000000000e+02,6.831943173892796040e-04
1.680000000000000000e+02,6.847868207842111588e-04
1.690000000000000000e+02,6.850159843452274799e-04
1.700000000000000000e+02,6.845160969533026218e-04
1.710000000000000000e+02,6.798522663302719593e-04
1.720000000000000000e+02,6.804524455219507217e-04
1.730000000000000000e+02,6.800092523917555809e-04
1.740000000000000000e+02,6.810992490500211716e-04
1.750000000000000000e+02,6.811784696765244007e-04
1.760000000000000000e+02,6.774187786504626274e-04
1.770000000000000000e+02,6.774013745598495007e-04
1.780000000000000000e+02,6.775145302526652813e-04
1.790000000000000000e+02,6.808468024246394634e-04
1.800000000000000000e+02,6.809609476476907730e-04
1.810000000000000000e+02,6.828037439845502377e-04
1.820000000000000000e+02,6.846785545349121094e-04
1.830000000000000000e+02,6.846025353297591209e-04
1.840000000000000000e+02,6.847706390544772148e-04
1.850000000000000000e+02,6.869162316434085369e-04
1.860000000000000000e+02,6.869258941151201725e-04
1.870000000000000000e+02,6.835300591774284840e-04
1.880000000000000000e+02,6.835220847278833389e-04
1.890000000000000000e+02,6.835029926151037216e-04
1.900000000000000000e+02,6.826132885180413723e-04
1.910000000000000000e+02,6.825705640949308872e-04
1.920000000000000000e+02,6.825514137744903564e-04
1.930000000000000000e+02,6.796821253374218941e-04
1.940000000000000000e+02,6.795891677029430866e-04
1.950000000000000000e+02,6.795701920054852962e-04
1.960000000000000000e+02,6.810796912759542465e-04
1.970000000000000000e+02,6.810678751207888126e-04
1.980000000000000000e+02,6.783099379390478134e-04
1.990000000000000000e+02,6.785079021938145161e-04
2.000000000000000000e+02,6.783373537473380566e-04
2.010000000000000000e+02,6.811406346969306469e-04
2.020000000000000000e+02,6.808811449445784092e-04
2.030000000000000000e+02,6.809602491557598114e-04
2.040000000000000000e+02,6.810300983488559723e-04
2.050000000000000000e+02,6.811714265495538712e-04
2.060000000000000000e+02,6.809892365708947182e-04
2.070000000000000000e+02,6.827766774222254753e-04
2.080000000000000000e+02,6.829079939052462578e-04
2.090000000000000000e+02,6.841627182438969612e-04
2.100000000000000000e+02,6.841000868007540703e-04
2.110000000000000000e+02,6.811189232394099236e-04
2.120000000000000000e+02,6.800785777159035206e-04
2.130000000000000000e+02,6.800591363571584225e-04
2.140000000000000000e+02,6.801302661187946796e-04
2.150000000000000000e+02,6.783359567634761333e-04
2.160000000000000000e+02,6.783176795579493046e-04
2.170000000000000000e+02,6.783483549952507019e-04
2.180000000000000000e+02,6.820096750743687153e-04
2.190000000000000000e+02,6.821168353781104088e-04
2.200000000000000000e+02,6.787019083276391029e-04
2.210000000000000000e+02,6.787018501199781895e-04
2.220000000000000000e+02,6.786836311221122742e-04
2.230000000000000000e+02,6.784287979826331139e-04
2.240000000000000000e+02,6.784004508517682552e-04
2.250000000000000000e+02,6.784178549423813820e-04
2.260000000000000000e+02,6.782509153708815575e-04
2.270000000000000000e+02,6.781988195143640041e-04
2.280000000000000000e+02,6.781805423088371754e-04
2.290000000000000000e+02,6.776921800337731838e-04
2.300000000000000000e+02,6.777675589546561241e-04
2.310000000000000000e+02,6.783244316466152668e-04
2.320000000000000000e+02,6.781446281820535660e-04
2.330000000000000000e+02,6.783566786907613277e-04
2.340000000000000000e+02,6.781163974665105343e-04
2.350000000000000000e+02,6.780373514629900455e-04
2.360000000000000000e+02,6.781212869100272655e-04
2.370000000000000000e+02,6.744537968188524246e-04
2.380000000000000000e+02,6.743887788616120815e-04
2.390000000000000000e+02,6.744274287484586239e-04
2.400000000000000000e+02,6.717828800901770592e-04
2.410000000000000000e+02,6.719407974742352962e-04
2.420000000000000000e+02,6.711416644975543022e-04
2.430000000000000000e+02,6.711369496770203114e-04
2.440000000000000000e+02,6.711705354973673820e-04
2.450000000000000000e+02,6.742970435880124569e-04
2.460000000000000000e+02,6.742862169630825520e-04
2.470000000000000000e+02,6.743113626725971699e-04
2.480000000000000000e+02,6.755639915354549885e-04
2.490000000000000000e+02,6.755337235517799854e-04
2.500000000000000000e+02,6.755597423762083054e-04
2.510000000000000000e+02,6.749070598743855953e-04
2.520000000000000000e+02,6.748642190359532833e-04
2.530000000000000000e+02,6.724062259308993816e-04
2.540000000000000000e+02,6.723878323100507259e-04
2.550000000000000000e+02,6.723694968968629837e-04
2.560000000000000000e+02,6.722909165546298027e-04
2.570000000000000000e+02,6.723898113705217838e-04
2.580000000000000000e+02,6.723715341649949551e-04
2.590000000000000000e+02,6.765673751942813396e-04
2.600000000000000000e+02,6.766846054233610630e-04
2.610000000000000000e+02,6.767078302800655365e-04
2.620000000000000000e+02,6.774829234927892685e-04
2.630000000000000000e+02,6.776161026209592819e-04
2.640000000000000000e+02,6.810707272961735725e-04
2.650000000000000000e+02,6.810107734054327011e-04
2.660000000000000000e+02,6.810564082115888596e-04
2.670000000000000000e+02,6.764541612938046455e-04
2.680000000000000000e+02,6.764995632693171501e-04
2.690000000000000000e+02,6.750907632522284985e-04
2.700000000000000000e+02,6.750241736881434917e-04
2.710000000000000000e+02,6.752208573743700981e-04
2.720000000000000000e+02,6.730629247613251209e-04
2.730000000000000000e+02,6.730435416102409363e-04
2.740000000000000000e+02,6.730686873197555542e-04
2.750000000000000000e+02,6.746535073034465313e-04
2.760000000000000000e+02,6.746156723238527775e-04
2.770000000000000000e+02,6.747010629624128342e-04
2.780000000000000000e+02,6.758011295460164547e-04
2.790000000000000000e+02,6.757424562238156796e-04
2.800000000000000000e+02,6.774099892936646938e-04
2.810000000000000000e+02,6.773884524591267109e-04
2.820000000000000000e+02,6.773702334612607956e-04
2.830000000000000000e+02,6.789591279812157154e-04
2.840000000000000000e+02,6.789690814912319183e-04
2.850000000000000000e+02,6.789508624933660030e-04
2.860000000000000000e+02,6.774080102331936359e-04
2.870000000000000000e+02,6.774483481422066689e-04
2.880000000000000000e+02,6.774300127290189266e-04
2.890000000000000000e+02,6.756248767487704754e-04
2.900000000000000000e+02,6.757096271030604839e-04
2.910000000000000000e+02,6.780614494346082211e-04
2.920000000000000000e+02,6.780151161365211010e-04
2.930000000000000000e+02,6.782434647902846336e-04
2.940000000000000000e+02,6.821357528679072857e-04
2.950000000000000000e+02,6.820662529207766056e-04
2.960000000000000000e+02,6.820895941928029060e-04
2.970000000000000000e+02,6.812440697103738785e-04
2.980000000000000000e+02,6.811824277974665165e-04
2.990000000000000000e+02,6.811940111219882965e-04
3.000000000000000000e+02,6.835629465058445930e-04
3.010000000000000000e+02,6.833525840193033218e-04
3.020000000000000000e+02,6.814266671426594257e-04
3.030000000000000000e+02,6.814469816163182259e-04
3.040000000000000000e+02,6.814368534833192825e-04
3.050000000000000000e+02,6.829836056567728519e-04
3.060000000000000000e+02,6.829653284512460232e-04
3.070000000000000000e+02,6.830453639850020409e-04
3.080000000000000000e+02,6.786017911508679390e-04
3.090000000000000000e+02,6.785835721530020237e-04
3.100000000000000000e+02,6.786307785660028458e-04
3.110000000000000000e+02,6.793476059101521969e-04
3.120000000000000000e+02,6.794030196033418179e-04
3.130000000000000000e+02,6.761533441022038460e-04
3.140000000000000000e+02,6.761136464774608612e-04
3.150000000000000000e+02,6.760954274795949459e-04
3.160000000000000000e+02,6.800066912546753883e-04
3.170000000000000000e+02,6.799760158173739910e-04
3.180000000000000000e+02,6.799577968195080757e-04
3.190000000000000000e+02,6.811789353378117085e-04
3.200000000000000000e+02,6.811745115555822849e-04
3.210000000000000000e+02,6.811993080191314220e-04
3.220000000000000000e+02,6.838293047621846199e-04
3.230000000000000000e+02,6.839362904429435730e-04
3.240000000000000000e+02,6.802182178944349289e-04
3.250000000000000000e+02,6.801154813729226589e-04
3.260000000000000000e+02,6.802022107876837254e-04
3.270000000000000000e+02,6.792128551751375198e-04
3.280000000000000000e+02,6.791350315324962139e-04
3.290000000000000000e+02,6.791756022721529007e-04
3.300000000000000000e+02,6.764013087376952171e-04
3.310000000000000000e+02,6.766603910364210606e-04
3.320000000000000000e+02,6.764926365576684475e-04
3.330000000000000000e+02,6.777654052712023258e-04
3.340000000000000000e+02,6.777929957024753094e-04
3.350000000000000000e+02,6.753034540452063084e-04
3.360000000000000000e+02,6.752228946425020695e-04
3.370000000000000000e+02,6.753585184924304485e-04
3.380000000000000000e+02,6.779802497476339340e-04
3.390000000000000000e+02,6.779584800824522972e-04
3.400000000000000000e+02,6.779839168302714825e-04
3.410000000000000000e+02,6.780417170375585556e-04
3.420000000000000000e+02,6.780016119591891766e-04
3.430000000000000000e+02,6.780333933420479298e-04
3.440000000000000000e+02,6.791910273022949696e-04
3.450000000000000000e+02,6.794166401959955692e-04
3.460000000000000000e+02,6.812055362388491631e-04
3.470000000000000000e+02,6.811596686020493507e-04
3.480000000000000000e+02,6.811413913965225220e-04
3.490000000000000000e+02,6.802209536544978619e-04
3.500000000000000000e+02,6.802749703638255596e-04
3.510000000000000000e+02,6.803206633776426315e-04
3.520000000000000000e+02,6.786844460293650627e-04
3.530000000000000000e+02,6.788236205466091633e-04
3.540000000000000000e+02,6.788141909055411816e-04
3.550000000000000000e+02,6.822337745688855648e-04
3.560000000000000000e+02,6.822752766311168671e-04
3.570000000000000000e+02,6.788028986193239689e-04
3.580000000000000000e+02,6.787917227484285831e-04
3.590000000000000000e+02,6.787667516618967056e-04
3.600000000000000000e+02,6.785727455280721188e-04
3.610000000000000000e+02,6.784520810469985008e-04
3.620000000000000000e+02,6.782716372981667519e-04
3.630000000000000000e+02,6.780786789022386074e-04
3.640000000000000000e+02,6.781087722629308701e-04
3.650000000000000000e+02,6.781301926821470261e-04
3.660000000000000000e+02,6.776295485906302929e-04
3.670000000000000000e+02,6.776808295398950577e-04
3.680000000000000000e+02,6.784034194424748421e-04
3.690000000000000000e+02,6.783852004446089268e-04
3.700000000000000000e+02,6.784213474020361900e-04
3.710000000000000000e+02,6.778403185307979584e-04
3.720000000000000000e+02,6.778220995329320431e-04
3.730000000000000000e+02,6.778591778129339218e-04
3.740000000000000000e+02,6.742249825038015842e-04
3.750000000000000000e+02,6.742044934071600437e-04
3.760000000000000000e+02,6.742982659488916397e-04
3.770000000000000000e+02,8.868307922966778278e-04
3.780000000000000000e+02,8.921078406274318695e-04
3.790000000000000000e+02,8.731544367037713528e-04
3.800000000000000000e+02,8.732529822736978531e-04
3.810000000000000000e+02,8.955554221756756306e-04
3.820000000000000000e+02,9.007401531562209129e-04
3.830000000000000000e+02,8.945051813498139381e-04
3.840000000000000000e+02,8.888693992048501968e-04
3.850000000000000000e+02,8.978429832495748997e-04
3.860000000000000000e+02,8.964504813775420189e-04
3.870000000000000000e+02,9.047230123542249203e-04
3.880000000000000000e+02,9.125298238359391689e-04
3.890000000000000000e+02,9.276423370465636253e-04
3.900000000000000000e+02,9.015713585540652275e-04
3.910000000000000000e+02,8.914421196095645428e-04
3.920000000000000000e+02,8.914632489904761314e-04
3.930000000000000000e+02,8.847431163303554058e-04
3.940000000000000000e+02,8.833256433717906475e-04
3.950000000000000000e+02,8.854985935613512993e-04
3.960000000000000000e+02,9.016241529025137424e-04
3.970000000000000000e+02,8.982022409327328205e-04
3.980000000000000000e+02,8.997558616101741791e-04
3.990000000000000000e+02,9.027618798427283764e-04
4.000000000000000000e+02,9.096508729271590710e-04
4.010000000000000000e+02,9.123929194174706936e-04
4.020000000000000000e+02,9.068334475159645081e-04
4.030000000000000000e+02,9.154353756457567215e-04
4.040000000000000000e+02,9.170715347863733768e-04
4.050000000000000000e+02,9.288919391110539436e-04
4.060000000000000000e+02,9.175797458738088608e-04
4.070000000000000000e+02,9.188306285068392754e-04
4.080000000000000000e+02,9.021427249535918236e-04
4.090000000000000000e+02,8.910099859349429607e-04
4.100000000000000000e+02,8.865657146088778973e-04
4.110000000000000000e+02,8.854528423398733139e-04
4.120000000000000000e+02,8.970886701717972755e-04
4.130000000000000000e+02,8.932686760090291500e-04
4.140000000000000000e+02,8.973134099505841732e-04
4.150000000000000000e+02,8.807011763565242290e-04
4.160000000000000000e+02,8.813155582174658775e-04
4.170000000000000000e+02,8.879309170879423618e-04
4.180000000000000000e+02,8.924812427721917629e-04
4.190000000000000000e+02,8.939907420426607132e-04
4.200000000000000000e+02,8.896757499314844608e-04
4.210000000000000000e+02,8.988882182165980339e-04
4.220000000000000000e+02,8.959861006587743759e-04
4.230000000000000000e+02,8.907448500394821167e-04
4.240000000000000000e+02,8.911348413676023483e-04
4.250000000000000000e+02,9.066738421097397804e-04
4.260000000000000000e+02,9.180119377560913563e-04
4.270000000000000000e+02,9.302097605541348457e-04
4.280000000000000000e+02,9.179024491459131241e-04
4.290000000000000000e+02,9.009985369630157948e-04
4.300000000000000000e+02,8.977857651188969612e-04
4.310000000000000000e+02,8.882586262188851833e-04
4.320000000000000000e+02,8.891976904124021530e-04
4.330000000000000000e+02,8.853406761772930622e-04
4.340000000000000000e+02,8.895563078112900257e-04
4.350000000000000000e+02,8.974326192401349545e-04
4.360000000000000000e+02,8.934724028222262859e-04
4.370000000000000000e+02,8.893476333469152451e-04
4.380000000000000000e+02,8.812887826934456825e-04
4.390000000000000000e+02,8.899241220206022263e-04
4.400000000000000000e+02,8.902093395590782166e-04
4.410000000000000000e+02,8.885460556484758854e-04
4.420000000000000000e+02,8.904712740331888199e-04
4.430000000000000000e+02,8.898101514205336571e-04
4.440000000000000000e+02,8.859614608809351921e-04
4.450000000000000000e+02,8.908615563996136189e-04
4.460000000000000000e+02,9.082324686460196972e-04
4.470000000000000000e+02,9.150234400294721127e-04
4.480000000000000000e+02,9.215269819833338261e-04
4.490000000000000000e+02,9.161159978248178959e-04
4.500000000000000000e+02,9.120987378992140293e-04
4.510000000000000000e+02,9.072510292753577232e-04
4.520000000000000000e+02,9.107011137530207634e-04
4.530000000000000000e+02,9.138504974544048309e-04
4.540000000000000000e+02,9.127352386713027954e-04
4.550000000000000000e+02,9.086041827686131001e-04
4.560000000000000000e+02,8.963876753114163876e-04
4.570000000000000000e+02,9.007443441078066826e-04
4.580000000000000000e+02,8.941507549025118351e-04
4.590000000000000000e+02,8.829555590637028217e-04
4.600000000000000000e+02,8.826124249026179314e-04
4.610000000000000000e+02,8.930808398872613907e-04
4.620000000000000000e+02,8.909836760722100735e-04
4.630000000000000000e+02,8.965260931290686131e-04
4.640000000000000000e+02,9.184521622955799103e-04
4.650000000000000000e+02,9.088352089747786522e-04
4.660000000000000000e+02,9.056726121343672276e-04
4.670000000000000000e+02,9.023199090734124184e-04
4.680000000000000000e+02,8.928052848204970360e-04
4.690000000000000000e+02,8.864994742907583714e-04
4.700000000000000000e+02,8.954861550591886044e-04
4.710000000000000000e+02,9.029528009705245495e-04
4.720000000000000000e+02,8.883855189196765423e-04
4.730000000000000000e+02,8.737549069337546825e-04
4.740000000000000000e+02,8.717039600014686584e-04
4.750000000000000000e+02,8.890526951290667057e-04
4.760000000000000000e+02,8.781627984717488289e-04
4.770000000000000000e+02,8.835514890961349010e-04
4.780000000000000000e+02,8.899235981516540051e-04
4.790000000000000000e+02,8.711239206604659557e-04
4.800000000000000000e+02,8.713250863365828991e-04
4.810000000000000000e+02,8.936105296015739441e-04
4.820000000000000000e+02,8.984595770016312599e-04
4.830000000000000000e+02,8.931395714171230793e-04
4.840000000000000000e+02,8.865869021974503994e-04
4.850000000000000000e+02,8.946106536313891411e-04
4.860000000000000000e+02,8.939990657381713390e-04
4.870000000000000000e+02,9.029451175592839718e-04
4.880000000000000000e+02,9.109501843340694904e-04
4.890000000000000000e+02,9.247000562027096748e-04
4.900000000000000000e+02,8.992869989015161991e-04
4.910000000000000000e+02,8.912280900403857231e-04
4.920000000000000000e+02,8.914000354707241058e-04
4.930000000000000000e+02,8.849370060488581657e-04
4.940000000000000000e+02,8.828624268062412739e-04
4.950000000000000000e+02,8.853550534695386887e-04
4.960000000000000000e+02,9.013524395413696766e-04
4.970000000000000000e+02,8.969883783720433712e-04
4.980000000000000000e+02,8.995619718916714191e-04
4.990000000000000000e+02,9.029990178532898426e-04
5.000000000000000000e+02,9.093795088119804859e-04
5.010000000000000000e+02,9.131311089731752872e-04
5.020000000000000000e+02,9.069065563380718231e-04
5.030000000000000000e+02,9.156739106401801109e-04
5.040000000000000000e+02,9.163612267002463341e-04
5.050000000000000000e+02,9.287968277931213379e-04
5.060000000000000000e+02,9.170903940685093403e-04
5.070000000000000000e+02,9.187438408844172955e-04
5.080000000000000000e+02,9.028273052535951138e-04
5.090000000000000000e+02,8.905369322746992111e-04
5.100000000000000000e+02,8.866493008099496365e-04
5.110000000000000000e+02,8.854834595695137978e-04
5.120000000000000000e+02,8.978671976365149021e-04
5.130000000000000000e+02,8.927212329581379890e-04
5.140000000000000000e+02,8.977915276773273945e-04
5.150000000000000000e+02,8.811524603515863419e-04
5.160000000000000000e+02,8.808494894765317440e-04
5.170000000000000000e+02,8.871936006471514702e-04
5.180000000000000000e+02,8.913633064366877079e-04
5.190000000000000000e+02,8.949310868047177792e-04
5.200000000000000000e+02,8.897384977899491787e-04
5.210000000000000000e+02,8.983706939034163952e-04
5.220000000000000000e+02,8.954294607974588871e-04
5.230000000000000000e+02,8.908718591555953026e-04
5.240000000000000000e+02,8.902009576559066772e-04
5.250000000000000000e+02,9.067584178410470486e-04
5.260000000000000000e+02,9.185542003251612186e-04
5.270000000000000000e+02,9.293028851971030235e-04
5.280000000000000000e+02,9.185652597807347775e-04
5.290000000000000000e+02,9.008919587358832359e-04
5.300000000000000000e+02,8.968356996774673462e-04
5.310000000000000000e+02,8.888892480172216892e-04
5.320000000000000000e+02,8.891339530237019062e-04
5.330000000000000000e+02,8.851781603880226612e-04
5.340000000000000000e+02,8.900922257453203201e-04
5.350000000000000000e+02,8.984240703284740448e-04
5.360000000000000000e+02,8.930038893595337868e-04
5.370000000000000000e+02,8.902816334739327431e-04
5.380000000000000000e+02,8.814172470010817051e-04
5.390000000000000000e+02,8.896800572983920574e-04
5.400000000000000000e+02,8.904373971745371819e-04
5.410000000000000000e+02,8.900702814571559429e-04
5.420000000000000000e+02,8.905720897018909454e-04
5.430000000000000000e+02,8.901913533918559551e-04
5.440000000000000000e+02,8.861866663210093975e-04
5.450000000000000000e+02,8.904092828743159771e-04
5.460000000000000000e+02,9.078976581804454327e-04
5.470000000000000000e+02,9.152928832918405533e-04
5.480000000000000000e+02,9.211653377860784531e-04
5.490000000000000000e+02,9.165928349830210209e-04
5.500000000000000000e+02,9.120907634496688843e-04
5.510000000000000000e+02,9.080059826374053955e-04
5.520000000000000000e+02,9.115422726608812809e-04
5.530000000000000000e+02,9.148749522864818573e-04
5.540000000000000000e+02,9.126893128268420696e-04
5.550000000000000000e+02,9.085392230190336704e-04
5.560000000000000000e+02,8.958103717304766178e-04
5.570000000000000000e+02,8.998890989460051060e-04
5.580000000000000000e+02,8.941090782172977924e-04
5.590000000000000000e+02,8.830328006297349930e-04
5.600000000000000000e+02,8.815413457341492176e-04
5.610000000000000000e+02,8.920713444240391254e-04
5.620000000000000000e+02,8.908637682907283306e-04
5.630000000000000000e+02,8.967380854301154613e-04
5.640000000000000000e+02,9.183723595924675465e-04
5.650000000000000000e+02,9.088601218536496162e-04
5.660000000000000000e+02,9.058123105205595493e-04
5.670000000000000000e+02,9.017704869620501995e-04
5.680000000000000000e+02,8.938438259065151215e-04
5.690000000000000000e+02,8.871637401171028614e-04
5.700000000000000000e+02,8.957209065556526184e-04
5.710000000000000000e+02,9.029386565089225769e-04
5.720000000000000000e+02,8.884187554940581322e-04
5.730000000000000000e+02,8.740017656236886978e-04
5.740000000000000000e+02,8.710325346328318119e-04
5.750000000000000000e+02,8.886829018592834473e-04
5.760000000000000000e+02,8.787194383330643177e-04
5.770000000000000000e+02,8.837658097036182880e-04
5.780000000000000000e+02,8.891273755580186844e-04
5.790000000000000000e+02,8.722124039195477962e-04
5.800000000000000000e+02,8.707129163667559624e-04
5.810000000000000000e+02,8.933997596614062786e-04
5.820000000000000000e+02,8.983768057078123093e-04
5.830000000000000000e+02,8.930051699280738831e-04
5.840000000000000000e+02,8.866125135682523251e-04
5.850000000000000000e+02,8.945062290877103806e-04
5.860000000000000000e+02,8.935612859204411507e-04
5.870000000000000000e+02,9.020817815326154232e-04
5.880000000000000000e+02,9.101720061153173447e-04
5.890000000000000000e+02,9.240189101547002792e-04
5.900000000000000000e+02,8.991806535050272942e-04
5.910000000000000000e+02,8.915163925848901272e-04
5.920000000000000000e+02,8.920098189264535904e-04
5.930000000000000000e+02,8.842240786179900169e-04
5.940000000000000000e+02,8.827776764519512653e-04
5.950000000000000000e+02,8.861217065714299679e-04
5.960000000000000000e+02,9.015520918183028698e-04
5.970000000000000000e+02,8.971209172159433365e-04
5.980000000000000000e+02,9.002874139696359634e-04
5.990000000000000000e+02,9.030911605805158615e-04
6.000000000000000000e+02,9.102417388930916786e-04
6.010000000000000000e+02,9.132740087807178497e-04
6.020000000000000000e+02,9.066213970072567463e-04
6.030000000000000000e+02,9.155754814855754375e-04
6.040000000000000000e+02,9.159773471765220165e-04
6.050000000000000000e+02,9.287693537771701813e-04
6.060000000000000000e+02,9.171174024231731892e-04
6.070000000000000000e+02,9.198343032039701939e-04
6.080000000000000000e+02,9.028513450175523758e-04
6.090000000000000000e+02,8.918285020627081394e-04
6.100000000000000000e+02,8.865230483934283257e-04
6.110000000000000000e+02,8.857469656504690647e-04
6.120000000000000000e+02,8.977505494840443134e-04
6.130000000000000000e+02,8.936342783272266388e-04
6.140000000000000000e+02,8.980733109638094902e-04
6.150000000000000000e+02,8.808520506136119366e-04
6.160000000000000000e+02,8.815162000246345997e-04
6.170000000000000000e+02,8.880101377144455910e-04
6.180000000000000000e+02,8.918487583287060261e-04
6.190000000000000000e+02,8.942182175815105438e-04
6.200000000000000000e+02,8.891507750377058983e-04
6.210000000000000000e+02,8.987026521936058998e-04
6.220000000000000000e+02,8.957911632023751736e-04
6.230000000000000000e+02,8.903177804313600063e-04
6.240000000000000000e+02,8.905601571314036846e-04
6.250000000000000000e+02,9.069091756828129292e-04
6.260000000000000000e+02,9.183173533529043198e-04
6.270000000000000000e+02,9.293967159464955330e-04
6.280000000000000000e+02,9.177636238746345043e-04
6.290000000000000000e+02,9.006091859191656113e-04
6.300000000000000000e+02,8.979726117104291916e-04
6.310000000000000000e+02,8.892635814845561981e-04
6.320000000000000000e+02,8.890936151146888733e-04
6.330000000000000000e+02,8.854035986587405205e-04
6.340000000000000000e+02,8.901047986000776291e-04
6.350000000000000000e+02,8.970101480372250080e-04
6.360000000000000000e+02,8.929776377044618130e-04
6.370000000000000000e+02,8.910758187994360924e-04
6.380000000000000000e+02,8.815191104076802731e-04
6.390000000000000000e+02,8.897169027477502823e-04
6.400000000000000000e+02,8.904184796847403049e-04
6.410000000000000000e+02,8.887795265763998032e-04
6.420000000000000000e+02,8.899561944417655468e-04
6.430000000000000000e+02,8.906390285119414330e-04
6.440000000000000000e+02,8.859703666530549526e-04
6.450000000000000000e+02,8.896517101675271988e-04
6.460000000000000000e+02,9.087798534892499447e-04
6.470000000000000000e+02,9.147742530331015587e-04
6.480000000000000000e+02,9.205290116369724274e-04
6.490000000000000000e+02,9.162906790152192116e-04
6.500000000000000000e+02,9.116370929405093193e-04
6.510000000000000000e+02,9.074975387193262577e-04
6.520000000000000000e+02,9.112544357776641846e-04
6.530000000000000000e+02,9.142006165347993374e-04
6.540000000000000000e+02,9.129312238655984402e-04
6.550000000000000000e+02,9.099724702537059784e-04
6.560000000000000000e+02,8.960467530414462090e-04
6.570000000000000000e+02,9.002072038128972054e-04
6.580000000000000000e+02,8.940330590121448040e-04
6.590000000000000000e+02,8.832992753013968468e-04
6.600000000000000000e+02,8.817847119644284248e-04
6.610000000000000000e+02,8.928024326451122761e-04
6.620000000000000000e+02,8.910340256989002228e-04
6.630000000000000000e+02,8.964982698671519756e-04
6.640000000000000000e+02,9.196940809488296509e-04
6.650000000000000000e+02,9.087991784326732159e-04
6.660000000000000000e+02,9.059934527613222599e-04
6.670000000000000000e+02,9.022054728120565414e-04
6.680000000000000000e+02,8.935919613577425480e-04
6.690000000000000000e+02,8.869392331689596176e-04
6.700000000000000000e+02,8.950456976890563965e-04
6.710000000000000000e+02,9.030829533003270626e-04
6.720000000000000000e+02,8.880308014340698719e-04
6.730000000000000000e+02,8.746326784603297710e-04
6.740000000000000000e+02,8.720240439288318157e-04
6.750000000000000000e+02,8.891121833585202694e-04
6.760000000000000000e+02,8.789013954810798168e-04
6.770000000000000000e+02,8.838956127874553204e-04
6.780000000000000000e+02,8.905272698029875755e-04
6.790000000000000000e+02,8.718468598090112209e-04
6.800000000000000000e+02,8.710997062735259533e-04
6.810000000000000000e+02,8.933779317885637283e-04
6.820000000000000000e+02,8.980947313830256462e-04
6.830000000000000000e+02,8.923290297389030457e-04
6.840000000000000000e+02,8.863866678439080715e-04
6.850000000000000000e+02,8.957120007835328579e-04
6.860000000000000000e+02,8.948273025453090668e-04
6.870000000000000000e+02,9.023306774906814098e-04
6.880000000000000000e+02,9.098806185647845268e-04
6.890000000000000000e+02,9.247359703294932842e-04
6.900000000000000000e+02,8.994332165457308292e-04
6.910000000000000000e+02,8.914421196095645428e-04
6.920000000000000000e+02,8.914632489904761314e-04
6.930000000000000000e+02,8.847431163303554058e-04
6.940000000000000000e+02,8.833256433717906475e-04
6.950000000000000000e+02,8.854985935613512993e-04
6.960000000000000000e+02,9.016241529025137424e-04
6.970000000000000000e+02,8.982022409327328205e-04
6.980000000000000000e+02,8.997558616101741791e-04
6.990000000000000000e+02,9.027618798427283764e-04
7.000000000000000000e+02,9.096508729271590710e-04
7.010000000000000000e+02,9.123929194174706936e-04
7.020000000000000000e+02,9.068334475159645081e-04
7.030000000000000000e+02,9.154353756457567215e-04
7.040000000000000000e+02,9.170715347863733768e-04
7.050000000000000000e+02,9.288919391110539436e-04
7.060000000000000000e+02,9.175797458738088608e-04
7.070000000000000000e+02,9.188306285068392754e-04
7.080000000000000000e+02,9.021427249535918236e-04
7.090000000000000000e+02,8.910099859349429607e-04
7.100000000000000000e+02,8.865657146088778973e-04
7.110000000000000000e+02,8.854528423398733139e-04
7.120000000000000000e+02,8.970886701717972755e-04
7.130000000000000000e+02,8.932686760090291500e-04
7.140000000000000000e+02,8.973134099505841732e-04
